{
  "modules": [
    {
      "iconPath": "assets/icons/face_paint_icon_riders.png",
      "suits": [
        {
          "leftAmbient": [ 0.000000, 0.298039, 0.329412, 0.7 ],
          "rightAmbient": [ 0.933333, 0.968627, 0.996078, 0.7 ]
        }
      ]
    }
  ]
}