{
  "modules": [
    {
      "iconPath": "./assets/fx/nfl_teams/btn_icons/49ers.png",
      "suits": [
        {
          "leftAmbient": [ 0.776471, 0.658824, 0.466667, 0.7 ],
          "rightAmbient": [ 0.725490, 0.031373, 0.243137, 0.7 ]
        }
      ]
    }
  ]
}